{
  "command": "python -m sbk.sys_info",
  "exit_status": 0,
  "runtime": 2.087857961654663,
  "lines_args": [
    [
      1654281607.6684244,
      "lang:  en\n",
      false
    ],
    [
      1654281607.668434,
      "Mem Info: (15878, 5298)\n",
      false
    ],
    [
      1654281607.668435,
      "Memory Info (uncached): SystemInfo(total_mb=15878, usable_mb=4768)\n",
      false
    ],
    [
      1654281607.668436,
      "Memory Info (cached)  : SystemInfo(total_mb=15878, usable_mb=4768)\n",
      false
    ]
  ]
}